{"name": "tri_slope", "urls": {"Windows": "file:///C:/Users/Seth Alter/asset_bundle_creator/Assets/NewAssetBundles/tri_slope/StandaloneWindows64/tri_slope", "Darwin": "file:///C:/Users/Seth Alter/asset_bundle_creator/Assets/NewAssetBundles/tri_slope/StandaloneOSX/tri_slope", "Linux": "file:///C:/Users/Seth Alter/asset_bundle_creator/Assets/NewAssetBundles/tri_slope/StandaloneLinux64/tri_slope"}, "wnid": "n-0000001", "wcategory": "", "scale_factor": 1, "do_not_use": false, "do_not_use_reason": "", "canonical_rotation": {"x": 0, "y": 0, "z": 0}, "physics_quality": -1, "asset_bundle_sizes": {"Windows": 30266, "Darwin": 35712, "Linux": 83976}, "container_colliders": [],"flex":false,"substructure":[{"name":"default","materials":["defaultMat"]}],"bounds":{"front":{"x":0,"y":0,"z":1.000001},"back":{"x":0,"y":0,"z":-1},"right":{"x":1,"y":0,"z":4.768372E-07},"left":{"x":-1,"y":0,"z":4.768372E-07},"top":{"x":0,"y":1,"z":4.768372E-07},"bottom":{"x":0,"y":-1,"z":4.768372E-07},"center":{"x":0,"y":0,"z":4.768372E-07}},"volume":8.093119,"composite_object":false}